PassengerId,Survived,Pclass,Age,SibSp,Parch,Fare,C,S,Q,Female,Male
1177,0,3,36.0,0,0,7.25,0.0,0.0,1.0,0.0,1.0
1002,0,2,41.0,0,0,15.0458,1.0,0.0,0.0,0.0,1.0
1032,1,3,10.0,5,2,46.9,0.0,0.0,1.0,1.0,0.0
1159,0,3,30.09090909090909,0,0,7.55,0.0,0.0,1.0,0.0,1.0
1243,0,2,25.0,0,0,10.5,0.0,0.0,1.0,0.0,1.0
1096,0,2,25.0,0,0,10.5,0.0,0.0,1.0,0.0,1.0
923,0,2,24.0,2,0,31.5,0.0,0.0,1.0,0.0,1.0
1134,0,1,45.0,1,1,134.5,1.0,0.0,0.0,0.0,1.0
1292,1,1,30.0,0,0,164.8667,0.0,0.0,1.0,1.0,0.0
1185,0,1,53.0,1,1,81.8583,0.0,0.0,1.0,0.0,1.0
1232,0,2,18.0,0,0,10.5,0.0,0.0,1.0,0.0,1.0
927,0,3,18.5,0,0,7.2292,1.0,0.0,0.0,0.0,1.0
1258,0,3,30.09090909090909,1,0,14.4583,1.0,0.0,0.0,0.0,1.0
900,1,3,18.0,0,0,7.2292,1.0,0.0,0.0,1.0,0.0
1026,0,3,43.0,0,0,7.8958,0.0,0.0,1.0,0.0,1.0
1019,1,3,30.09090909090909,2,0,23.25,0.0,1.0,0.0,1.0,0.0
1296,0,1,43.0,1,0,27.7208,1.0,0.0,0.0,0.0,1.0
1301,1,3,3.0,1,1,13.775,0.0,0.0,1.0,1.0,0.0
1285,0,2,47.0,0,0,10.5,0.0,0.0,1.0,0.0,1.0
1251,1,3,30.0,1,0,15.55,0.0,0.0,1.0,1.0,0.0
981,0,2,2.0,1,1,23.0,0.0,0.0,1.0,0.0,1.0
1217,0,3,23.0,0,0,7.05,0.0,0.0,1.0,0.0,1.0
1040,0,1,30.09090909090909,0,0,26.55,0.0,0.0,1.0,0.0,1.0
1210,0,3,27.0,0,0,7.8542,0.0,0.0,1.0,0.0,1.0
1039,0,3,22.0,0,0,8.05,0.0,0.0,1.0,0.0,1.0
1224,0,3,30.09090909090909,0,0,7.225,1.0,0.0,0.0,0.0,1.0
899,0,2,26.0,1,1,29.0,0.0,0.0,1.0,0.0,1.0
1240,0,2,24.0,0,0,13.5,0.0,0.0,1.0,0.0,1.0
942,0,1,24.0,1,0,60.0,0.0,0.0,1.0,0.0,1.0
1062,0,3,30.09090909090909,0,0,7.55,0.0,0.0,1.0,0.0,1.0
1045,1,3,36.0,0,2,12.1833,0.0,0.0,1.0,1.0,0.0
1225,1,3,19.0,1,1,15.7417,1.0,0.0,0.0,1.0,0.0
919,0,3,22.5,0,0,7.225,1.0,0.0,0.0,0.0,1.0
902,0,3,30.09090909090909,0,0,7.8958,0.0,0.0,1.0,0.0,1.0
1266,1,1,54.0,1,1,81.8583,0.0,0.0,1.0,1.0,0.0
898,1,3,30.0,0,0,7.6292,0.0,1.0,0.0,1.0,0.0
959,0,1,47.0,0,0,42.4,0.0,0.0,1.0,0.0,1.0
1126,0,1,39.0,1,0,71.2833,1.0,0.0,0.0,0.0,1.0
930,0,3,25.0,0,0,9.5,0.0,0.0,1.0,0.0,1.0
1003,1,3,30.09090909090909,0,0,7.7792,0.0,1.0,0.0,1.0,0.0
1254,1,2,31.0,0,0,21.0,0.0,0.0,1.0,1.0,0.0
1103,0,3,30.09090909090909,0,0,7.05,0.0,0.0,1.0,0.0,1.0
1165,1,3,30.09090909090909,1,0,15.5,0.0,1.0,0.0,1.0,0.0
925,1,3,30.09090909090909,1,2,23.45,0.0,0.0,1.0,1.0,0.0
1201,1,3,45.0,1,0,14.1083,0.0,0.0,1.0,1.0,0.0
1203,0,3,22.0,0,0,7.225,1.0,0.0,0.0,0.0,1.0
1066,0,3,40.0,1,5,31.3875,0.0,0.0,1.0,0.0,1.0
1009,1,3,1.0,1,1,16.7,0.0,0.0,1.0,1.0,0.0
1242,1,1,45.0,0,1,63.3583,1.0,0.0,0.0,1.0,0.0
1211,0,2,22.0,2,0,31.5,0.0,0.0,1.0,0.0,1.0
1097,0,1,30.09090909090909,0,0,25.7417,1.0,0.0,0.0,0.0,1.0
967,0,1,32.5,0,0,211.5,1.0,0.0,0.0,0.0,1.0
956,0,1,13.0,2,2,262.375,1.0,0.0,0.0,0.0,1.0
906,1,1,47.0,1,0,61.175,0.0,0.0,1.0,1.0,0.0
1153,0,3,21.0,0,0,7.8542,0.0,0.0,1.0,0.0,1.0
1161,0,3,17.0,0,0,8.6625,0.0,0.0,1.0,0.0,1.0
1175,1,3,9.0,1,1,15.2458,1.0,0.0,0.0,1.0,0.0
1252,0,3,14.5,8,2,69.55,0.0,0.0,1.0,0.0,1.0
1067,1,2,15.0,0,2,39.0,0.0,0.0,1.0,1.0,0.0
1072,0,2,30.0,0,0,13.0,0.0,0.0,1.0,0.0,1.0
1132,1,1,55.0,0,0,27.7208,1.0,0.0,0.0,1.0,0.0
1171,0,2,22.0,0,0,10.5,0.0,0.0,1.0,0.0,1.0
1209,0,2,19.0,0,0,10.5,0.0,0.0,1.0,0.0,1.0
943,0,2,27.0,0,0,15.0333,1.0,0.0,0.0,0.0,1.0
1182,0,1,30.09090909090909,0,0,39.6,0.0,0.0,1.0,0.0,1.0
1035,0,2,28.0,0,0,26.0,0.0,0.0,1.0,0.0,1.0
1070,1,2,36.0,0,3,39.0,0.0,0.0,1.0,1.0,0.0
915,0,1,21.0,0,1,61.3792,1.0,0.0,0.0,0.0,1.0
1176,1,3,2.0,1,1,20.2125,0.0,0.0,1.0,1.0,0.0
1291,0,3,31.0,0,0,7.7333,0.0,1.0,0.0,0.0,1.0
1260,1,1,45.0,0,1,59.4,1.0,0.0,0.0,1.0,0.0
1158,0,1,30.09090909090909,0,0,0.0,0.0,0.0,1.0,0.0,1.0
952,0,3,17.0,0,0,7.8958,0.0,0.0,1.0,0.0,1.0
1167,1,2,20.0,1,0,26.0,0.0,0.0,1.0,1.0,0.0
976,0,2,30.09090909090909,0,0,10.7083,0.0,1.0,0.0,0.0,1.0
1255,0,3,27.0,0,0,8.6625,0.0,0.0,1.0,0.0,1.0
1021,0,3,24.0,0,0,8.05,0.0,0.0,1.0,0.0,1.0
1112,1,2,30.0,1,0,13.8583,1.0,0.0,0.0,1.0,0.0
1307,0,3,38.5,0,0,7.25,0.0,0.0,1.0,0.0,1.0
1150,1,2,19.0,0,0,13.0,0.0,0.0,1.0,1.0,0.0
1200,0,1,55.0,1,1,93.5,0.0,0.0,1.0,0.0,1.0
965,0,1,28.5,0,0,27.7208,1.0,0.0,0.0,0.0,1.0
1082,0,2,34.0,1,0,26.0,0.0,0.0,1.0,0.0,1.0
1272,0,3,30.09090909090909,0,0,7.75,0.0,1.0,0.0,0.0,1.0
1227,0,1,30.0,0,0,26.0,0.0,0.0,1.0,0.0,1.0
1054,1,2,26.0,0,0,13.5,0.0,0.0,1.0,1.0,0.0
924,1,3,33.0,1,2,20.575,0.0,0.0,1.0,1.0,0.0
935,1,2,30.0,0,0,13.0,0.0,0.0,1.0,1.0,0.0
1084,0,3,11.5,1,1,14.5,0.0,0.0,1.0,0.0,1.0
1055,0,3,30.09090909090909,0,0,7.0,0.0,0.0,1.0,0.0,1.0
1068,1,2,20.0,0,0,36.75,0.0,0.0,1.0,1.0,0.0
1206,1,1,55.0,0,0,135.6333,1.0,0.0,0.0,1.0,0.0
1120,0,3,40.5,0,0,15.1,0.0,0.0,1.0,0.0,1.0
903,0,1,46.0,0,0,26.0,0.0,0.0,1.0,0.0,1.0
1194,0,2,43.0,0,1,21.0,0.0,0.0,1.0,0.0,1.0
1246,1,3,0.17,1,2,20.575,0.0,0.0,1.0,1.0,0.0
1069,0,1,54.0,1,0,55.4417,1.0,0.0,0.0,0.0,1.0
961,1,1,60.0,1,4,263.0,0.0,0.0,1.0,1.0,0.0
1076,1,1,27.0,1,1,247.5208,1.0,0.0,0.0,1.0,0.0
992,1,1,43.0,1,0,55.4417,1.0,0.0,0.0,1.0,0.0
1136,0,3,30.09090909090909,1,2,23.45,0.0,0.0,1.0,0.0,1.0
931,0,3,30.09090909090909,0,0,56.4958,0.0,0.0,1.0,0.0,1.0
1078,1,2,21.0,0,1,21.0,0.0,0.0,1.0,1.0,0.0
1286,0,3,29.0,3,1,22.025,0.0,0.0,1.0,0.0,1.0
1041,0,2,30.0,1,1,26.0,0.0,0.0,1.0,0.0,1.0
1102,0,3,32.0,0,0,22.525,0.0,0.0,1.0,0.0,1.0
1234,0,3,30.09090909090909,1,9,69.55,0.0,0.0,1.0,0.0,1.0
985,0,3,30.09090909090909,0,0,8.05,0.0,0.0,1.0,0.0,1.0
1174,1,3,30.09090909090909,0,0,7.75,0.0,1.0,0.0,1.0,0.0
1077,0,2,40.0,0,0,16.0,0.0,0.0,1.0,0.0,1.0
1142,1,2,0.92,1,2,27.75,0.0,0.0,1.0,1.0,0.0
1099,0,2,24.0,0,0,10.5,0.0,0.0,1.0,0.0,1.0
920,0,1,41.0,0,0,30.5,0.0,0.0,1.0,0.0,1.0
1197,1,1,64.0,1,1,26.55,0.0,0.0,1.0,1.0,0.0
932,0,3,39.0,0,1,13.4167,1.0,0.0,0.0,0.0,1.0
1298,0,2,23.0,1,0,10.5,0.0,0.0,1.0,0.0,1.0
1089,1,3,18.0,0,0,7.775,0.0,0.0,1.0,1.0,0.0
1125,0,3,30.09090909090909,0,0,7.8792,0.0,1.0,0.0,0.0,1.0
1094,0,1,47.0,1,0,227.525,1.0,0.0,0.0,0.0,1.0
1304,1,3,28.0,0,0,7.775,0.0,0.0,1.0,1.0,0.0
1074,1,1,18.0,1,0,53.1,0.0,0.0,1.0,1.0,0.0
909,0,3,21.0,0,0,7.225,1.0,0.0,0.0,0.0,1.0
1268,1,3,22.0,2,0,8.6625,0.0,0.0,1.0,1.0,0.0
1196,1,3,30.09090909090909,0,0,7.75,0.0,1.0,0.0,1.0,0.0
929,1,3,21.0,0,0,8.6625,0.0,0.0,1.0,1.0,0.0
947,0,3,10.0,4,1,29.125,0.0,1.0,0.0,0.0,1.0
944,1,2,20.0,2,1,23.0,0.0,0.0,1.0,1.0,0.0
1309,0,3,30.09090909090909,1,1,22.3583,1.0,0.0,0.0,0.0,1.0
897,0,3,14.0,0,0,9.225,0.0,0.0,1.0,0.0,1.0
1297,0,2,20.0,0,0,13.8625,1.0,0.0,0.0,0.0,1.0
1226,0,3,27.0,0,0,7.8958,0.0,0.0,1.0,0.0,1.0
1280,0,3,21.0,0,0,7.75,0.0,1.0,0.0,0.0,1.0
1221,0,2,21.0,0,0,13.0,0.0,0.0,1.0,0.0,1.0
1237,1,3,16.0,0,0,7.65,0.0,0.0,1.0,1.0,0.0
1306,1,1,39.0,0,0,108.9,1.0,0.0,0.0,1.0,0.0
1090,0,2,23.0,0,0,10.5,0.0,0.0,1.0,0.0,1.0
989,0,3,29.0,0,0,7.925,0.0,0.0,1.0,0.0,1.0
994,0,3,30.09090909090909,0,0,7.75,0.0,1.0,0.0,0.0,1.0
1151,0,3,21.0,0,0,7.775,0.0,0.0,1.0,0.0,1.0
1287,1,1,18.0,1,0,60.0,0.0,0.0,1.0,1.0,0.0
907,1,2,24.0,1,0,27.7208,1.0,0.0,0.0,1.0,0.0
990,1,3,20.0,0,0,7.8542,0.0,0.0,1.0,1.0,0.0
1204,0,3,30.09090909090909,0,0,7.575,0.0,0.0,1.0,0.0,1.0
1101,0,3,25.0,0,0,7.8958,0.0,0.0,1.0,0.0,1.0
1233,0,3,32.0,0,0,7.5792,0.0,0.0,1.0,0.0,1.0
940,1,1,60.0,0,0,76.2917,1.0,0.0,0.0,1.0,0.0
972,0,3,6.0,1,1,15.2458,1.0,0.0,0.0,0.0,1.0
1244,0,2,18.0,0,0,73.5,0.0,0.0,1.0,0.0,1.0
1048,1,1,29.0,0,0,221.7792,0.0,0.0,1.0,1.0,0.0
1189,0,3,30.09090909090909,2,0,21.6792,1.0,0.0,0.0,0.0,1.0
1249,0,3,30.09090909090909,0,0,7.8792,0.0,0.0,1.0,0.0,1.0
955,1,3,22.0,0,0,7.725,0.0,1.0,0.0,1.0,0.0
1271,0,3,5.0,4,2,31.3875,0.0,0.0,1.0,0.0,1.0
1138,1,2,22.0,0,0,21.0,0.0,0.0,1.0,1.0,0.0
1181,0,3,30.09090909090909,0,0,8.05,0.0,0.0,1.0,0.0,1.0
1236,0,3,30.09090909090909,1,1,14.5,0.0,0.0,1.0,0.0,1.0
939,0,3,30.09090909090909,0,0,7.75,0.0,1.0,0.0,0.0,1.0
1109,0,1,57.0,1,1,164.8667,0.0,0.0,1.0,0.0,1.0
1027,0,3,24.0,0,0,7.8542,0.0,0.0,1.0,0.0,1.0
1033,1,1,33.0,0,0,151.55,0.0,0.0,1.0,1.0,0.0
1007,0,3,18.0,1,0,14.4542,1.0,0.0,0.0,0.0,1.0
1270,0,1,55.0,0,0,50.0,0.0,0.0,1.0,0.0,1.0
1308,0,3,30.09090909090909,0,0,8.05,0.0,0.0,1.0,0.0,1.0
1128,0,1,64.0,1,0,75.25,1.0,0.0,0.0,0.0,1.0
1250,0,3,30.09090909090909,0,0,7.75,0.0,1.0,0.0,0.0,1.0
1043,0,3,30.09090909090909,0,0,7.8958,1.0,0.0,0.0,0.0,1.0
905,0,2,63.0,1,0,26.0,0.0,0.0,1.0,0.0,1.0
934,0,3,41.0,0,0,7.85,0.0,0.0,1.0,0.0,1.0
1056,0,2,41.0,0,0,13.0,0.0,0.0,1.0,0.0,1.0
1295,0,1,17.0,0,0,47.1,0.0,0.0,1.0,0.0,1.0
978,1,3,27.0,0,0,7.8792,0.0,1.0,0.0,1.0,0.0
1212,0,3,26.0,0,0,7.775,0.0,0.0,1.0,0.0,1.0
913,0,3,9.0,0,1,3.1708,0.0,0.0,1.0,0.0,1.0
1230,0,2,25.0,0,0,31.5,0.0,0.0,1.0,0.0,1.0
1049,1,3,23.0,0,0,7.8542,0.0,0.0,1.0,1.0,0.0
1141,1,3,30.09090909090909,1,0,14.4542,1.0,0.0,0.0,1.0,0.0
1248,1,1,59.0,2,0,51.4792,0.0,0.0,1.0,1.0,0.0
1093,0,3,0.33,0,2,14.4,0.0,0.0,1.0,0.0,1.0
1173,0,3,0.75,1,1,13.775,0.0,0.0,1.0,0.0,1.0
1276,0,2,30.09090909090909,0,0,12.875,0.0,0.0,1.0,0.0,1.0
1060,1,1,30.09090909090909,0,0,27.7208,1.0,0.0,0.0,1.0,0.0
1293,0,2,38.0,1,0,21.0,0.0,0.0,1.0,0.0,1.0
983,0,3,30.09090909090909,0,0,7.775,0.0,0.0,1.0,0.0,1.0
1262,0,2,21.0,1,0,11.5,0.0,0.0,1.0,0.0,1.0
1038,0,1,30.09090909090909,0,0,51.8625,0.0,0.0,1.0,0.0,1.0
1117,1,3,30.09090909090909,0,2,15.2458,1.0,0.0,0.0,1.0,0.0
997,0,3,28.0,0,0,22.525,0.0,0.0,1.0,0.0,1.0
1092,1,3,30.09090909090909,0,0,15.5,0.0,1.0,0.0,1.0,0.0
1282,0,1,23.0,0,0,93.5,0.0,0.0,1.0,0.0,1.0
971,1,3,24.0,0,0,7.75,0.0,1.0,0.0,1.0,0.0
1063,0,3,27.0,0,0,7.225,1.0,0.0,0.0,0.0,1.0
1042,1,1,23.0,0,1,83.1583,1.0,0.0,0.0,1.0,0.0
1256,1,1,25.0,1,0,55.4417,1.0,0.0,0.0,1.0,0.0
964,1,3,29.0,0,0,7.925,0.0,0.0,1.0,1.0,0.0
973,0,1,67.0,1,0,221.7792,0.0,0.0,1.0,0.0,1.0
1037,0,3,31.0,3,0,18.0,0.0,0.0,1.0,0.0,1.0
1202,0,3,18.0,0,0,8.6625,0.0,0.0,1.0,0.0,1.0
1006,1,1,63.0,1,0,221.7792,0.0,0.0,1.0,1.0,0.0
1073,0,1,37.0,1,1,83.1583,1.0,0.0,0.0,0.0,1.0
1190,0,1,30.0,0,0,45.5,0.0,0.0,1.0,0.0,1.0
1169,0,2,40.0,1,0,26.0,0.0,0.0,1.0,0.0,1.0
894,0,2,62.0,0,0,9.6875,0.0,1.0,0.0,0.0,1.0
1302,1,3,30.09090909090909,0,0,7.75,0.0,1.0,0.0,1.0,0.0
1064,0,3,23.0,1,0,13.9,0.0,0.0,1.0,0.0,1.0
1008,0,3,30.09090909090909,0,0,6.4375,1.0,0.0,0.0,0.0,1.0
1028,0,3,26.5,0,0,7.225,1.0,0.0,0.0,0.0,1.0
938,0,1,45.0,0,0,29.7,1.0,0.0,0.0,0.0,1.0
896,1,3,22.0,1,1,12.2875,0.0,0.0,1.0,1.0,0.0
999,0,3,30.09090909090909,0,0,7.75,0.0,1.0,0.0,0.0,1.0
1122,0,2,14.0,0,0,65.0,0.0,0.0,1.0,0.0,1.0
1118,0,3,23.0,0,0,7.7958,0.0,0.0,1.0,0.0,1.0
1106,1,3,38.0,4,2,7.775,0.0,0.0,1.0,1.0,0.0
1213,0,3,25.0,0,0,7.2292,1.0,0.0,0.0,0.0,1.0
1137,0,1,41.0,1,0,51.8625,0.0,0.0,1.0,0.0,1.0
901,0,3,21.0,2,0,24.15,0.0,0.0,1.0,0.0,1.0
1160,1,3,30.09090909090909,0,0,8.05,0.0,0.0,1.0,1.0,0.0
1010,0,1,36.0,0,0,75.2417,1.0,0.0,0.0,0.0,1.0
1152,0,3,36.5,1,0,17.4,0.0,0.0,1.0,0.0,1.0
1279,0,2,57.0,0,0,13.0,0.0,0.0,1.0,0.0,1.0
1017,1,3,17.0,0,1,16.1,0.0,0.0,1.0,1.0,0.0
1091,1,3,30.09090909090909,0,0,8.1125,0.0,0.0,1.0,1.0,0.0
1170,0,2,30.0,1,0,21.0,0.0,0.0,1.0,0.0,1.0
953,0,2,32.0,0,0,13.5,0.0,0.0,1.0,0.0,1.0
1263,1,1,31.0,0,0,134.5,1.0,0.0,0.0,1.0,0.0
1133,1,2,45.0,0,2,30.0,0.0,0.0,1.0,1.0,0.0
1247,0,1,50.0,0,0,26.0,0.0,0.0,1.0,0.0,1.0
1164,1,1,26.0,1,0,136.7792,1.0,0.0,0.0,1.0,0.0
1115,0,3,21.0,0,0,7.7958,0.0,0.0,1.0,0.0,1.0
966,1,1,35.0,0,0,211.5,1.0,0.0,0.0,1.0,0.0
968,0,3,30.09090909090909,0,0,8.05,0.0,0.0,1.0,0.0,1.0
1283,1,1,51.0,0,1,39.4,0.0,0.0,1.0,1.0,0.0
895,0,3,27.0,0,0,8.6625,0.0,0.0,1.0,0.0,1.0
1061,1,3,22.0,0,0,8.9625,0.0,0.0,1.0,1.0,0.0
1065,0,3,30.09090909090909,0,0,7.2292,1.0,0.0,0.0,0.0,1.0
1183,1,3,30.0,0,0,6.95,0.0,1.0,0.0,1.0,0.0
1149,0,3,28.0,0,0,8.05,0.0,0.0,1.0,0.0,1.0
1184,0,3,30.09090909090909,0,0,7.2292,1.0,0.0,0.0,0.0,1.0
962,1,3,24.0,0,0,7.75,0.0,1.0,0.0,1.0,0.0
1228,0,2,32.0,0,0,13.0,0.0,0.0,1.0,0.0,1.0
1208,0,1,57.0,1,0,146.5208,1.0,0.0,0.0,0.0,1.0
936,1,1,45.0,1,0,52.5542,0.0,0.0,1.0,1.0,0.0
1188,1,2,1.0,1,2,41.5792,1.0,0.0,0.0,1.0,0.0
1119,1,3,30.09090909090909,0,0,7.75,0.0,1.0,0.0,1.0,0.0
988,1,1,76.0,1,0,78.85,0.0,0.0,1.0,1.0,0.0
1148,0,3,30.09090909090909,0,0,7.75,0.0,1.0,0.0,0.0,1.0
1265,0,2,44.0,0,0,13.0,0.0,0.0,1.0,0.0,1.0
937,0,3,25.0,0,0,7.925,0.0,0.0,1.0,0.0,1.0
1284,0,3,13.0,0,2,20.25,0.0,0.0,1.0,0.0,1.0
969,1,1,55.0,2,0,25.7,0.0,0.0,1.0,1.0,0.0
975,0,3,30.09090909090909,0,0,7.8958,0.0,0.0,1.0,0.0,1.0
1222,1,2,48.0,0,2,36.75,0.0,0.0,1.0,1.0,0.0
1108,1,3,30.09090909090909,0,0,7.8792,0.0,1.0,0.0,1.0,0.0
1057,1,3,26.0,1,1,22.025,0.0,0.0,1.0,1.0,0.0
1111,0,3,30.09090909090909,0,0,8.05,0.0,0.0,1.0,0.0,1.0
1163,0,3,30.09090909090909,0,0,7.75,0.0,1.0,0.0,0.0,1.0
1129,0,3,20.0,0,0,7.225,1.0,0.0,0.0,0.0,1.0
912,0,1,55.0,1,0,59.4,1.0,0.0,0.0,0.0,1.0
945,1,1,28.0,3,2,263.0,0.0,0.0,1.0,1.0,0.0
1264,0,1,49.0,0,0,0.0,0.0,0.0,1.0,0.0,1.0
1205,1,3,37.0,0,0,7.75,0.0,1.0,0.0,1.0,0.0
1146,0,3,32.5,0,0,9.5,0.0,0.0,1.0,0.0,1.0
1157,0,3,30.09090909090909,0,0,7.8958,0.0,0.0,1.0,0.0,1.0
918,1,1,22.0,0,1,61.9792,1.0,0.0,0.0,1.0,0.0
1044,0,3,60.5,0,0,,0.0,0.0,1.0,0.0,1.0
1186,0,3,36.0,0,0,9.5,0.0,0.0,1.0,0.0,1.0
1143,0,3,20.0,0,0,7.925,0.0,0.0,1.0,0.0,1.0
904,1,1,23.0,1,0,82.2667,0.0,0.0,1.0,1.0,0.0
1305,0,3,30.09090909090909,0,0,8.05,0.0,0.0,1.0,0.0,1.0
1071,1,1,64.0,0,2,83.1583,1.0,0.0,0.0,1.0,0.0
1110,1,1,50.0,1,1,211.5,1.0,0.0,0.0,1.0,0.0
926,0,1,30.0,1,0,57.75,1.0,0.0,0.0,0.0,1.0
1000,0,3,30.09090909090909,0,0,8.7125,0.0,0.0,1.0,0.0,1.0
1166,0,3,30.09090909090909,0,0,7.225,1.0,0.0,0.0,0.0,1.0
1036,0,1,42.0,0,0,26.55,0.0,0.0,1.0,0.0,1.0
1299,0,1,50.0,1,1,211.5,1.0,0.0,0.0,0.0,1.0
980,1,3,30.09090909090909,0,0,7.75,0.0,1.0,0.0,1.0,0.0
946,0,2,30.09090909090909,0,0,15.5792,1.0,0.0,0.0,0.0,1.0
1156,0,2,30.0,0,0,12.7375,1.0,0.0,0.0,0.0,1.0
1214,0,2,26.0,0,0,13.0,0.0,0.0,1.0,0.0,1.0
1135,0,3,30.09090909090909,0,0,7.8875,0.0,0.0,1.0,0.0,1.0
1052,1,3,30.09090909090909,0,0,7.7333,0.0,1.0,0.0,1.0,0.0
1013,0,3,30.09090909090909,1,0,7.75,0.0,1.0,0.0,0.0,1.0
1079,0,3,17.0,2,0,8.05,0.0,0.0,1.0,0.0,1.0
1187,0,3,26.0,0,0,7.8958,0.0,0.0,1.0,0.0,1.0
977,0,3,30.09090909090909,1,0,14.4542,1.0,0.0,0.0,0.0,1.0
1030,1,3,23.0,0,0,8.05,0.0,0.0,1.0,1.0,0.0
1029,0,2,26.0,0,0,13.0,0.0,0.0,1.0,0.0,1.0
986,0,1,25.0,0,0,26.0,1.0,0.0,0.0,0.0,1.0
1123,1,1,21.0,0,0,26.55,0.0,0.0,1.0,1.0,0.0
1277,1,2,24.0,1,2,65.0,0.0,0.0,1.0,1.0,0.0
1018,0,3,22.0,0,0,7.7958,0.0,0.0,1.0,0.0,1.0
1289,1,1,48.0,1,1,79.2,1.0,0.0,0.0,1.0,0.0
1199,0,3,0.83,0,1,9.35,0.0,0.0,1.0,0.0,1.0
1001,0,2,18.5,0,0,13.0,0.0,0.0,1.0,0.0,1.0
1046,0,3,13.0,4,2,31.3875,0.0,0.0,1.0,0.0,1.0
1179,0,1,24.0,1,0,82.2667,0.0,0.0,1.0,0.0,1.0
1229,0,3,39.0,0,2,7.2292,1.0,0.0,0.0,0.0,1.0
1147,0,3,30.09090909090909,0,0,7.55,0.0,0.0,1.0,0.0,1.0
1273,0,3,26.0,0,0,7.8792,0.0,1.0,0.0,0.0,1.0
893,1,3,47.0,1,0,7.0,0.0,0.0,1.0,1.0,0.0
1100,1,1,33.0,0,0,27.7208,1.0,0.0,0.0,1.0,0.0
1192,0,3,32.0,0,0,7.775,0.0,0.0,1.0,0.0,1.0
1144,0,1,27.0,1,0,136.7792,1.0,0.0,0.0,0.0,1.0
1104,0,2,17.0,0,0,73.5,0.0,0.0,1.0,0.0,1.0
1087,0,3,33.0,0,0,7.8542,0.0,0.0,1.0,0.0,1.0
1261,0,2,29.0,0,0,13.8583,1.0,0.0,0.0,0.0,1.0
1145,0,3,24.0,0,0,9.325,0.0,0.0,1.0,0.0,1.0
1116,1,1,53.0,0,0,27.4458,1.0,0.0,0.0,1.0,0.0
1207,1,3,17.0,0,0,7.7333,0.0,1.0,0.0,1.0,0.0
996,1,3,16.0,1,1,8.5167,1.0,0.0,0.0,1.0,0.0
950,0,3,30.09090909090909,1,0,16.1,0.0,0.0,1.0,0.0,1.0
1223,0,1,39.0,0,0,29.7,1.0,0.0,0.0,0.0,1.0
921,0,3,30.09090909090909,2,0,21.6792,1.0,0.0,0.0,0.0,1.0
1275,1,3,19.0,1,0,16.1,0.0,0.0,1.0,1.0,0.0
1012,1,2,12.0,0,0,15.75,0.0,0.0,1.0,1.0,0.0
1253,1,2,24.0,1,1,37.0042,1.0,0.0,0.0,1.0,0.0
922,0,2,50.0,1,0,26.0,0.0,0.0,1.0,0.0,1.0
1162,0,1,46.0,0,0,75.2417,1.0,0.0,0.0,0.0,1.0
951,1,1,36.0,0,0,262.375,1.0,0.0,0.0,1.0,0.0
1154,1,2,29.0,0,2,23.0,0.0,0.0,1.0,1.0,0.0
1023,0,1,53.0,0,0,28.5,1.0,0.0,0.0,0.0,1.0
1238,0,2,26.0,0,0,13.0,0.0,0.0,1.0,0.0,1.0
982,1,3,22.0,1,0,13.9,0.0,0.0,1.0,1.0,0.0
1050,0,1,42.0,0,0,26.55,0.0,0.0,1.0,0.0,1.0
908,0,2,35.0,0,0,12.35,0.0,1.0,0.0,0.0,1.0
1218,1,2,12.0,2,1,39.0,0.0,0.0,1.0,1.0,0.0
1005,1,3,18.5,0,0,7.2833,0.0,1.0,0.0,1.0,0.0
928,1,3,30.09090909090909,0,0,8.05,0.0,0.0,1.0,1.0,0.0
954,0,3,18.0,0,0,7.75,0.0,0.0,1.0,0.0,1.0
1239,1,3,38.0,0,0,7.2292,1.0,0.0,0.0,1.0,0.0
1288,0,3,24.0,0,0,7.25,0.0,1.0,0.0,0.0,1.0
1267,1,1,45.0,0,0,262.375,1.0,0.0,0.0,1.0,0.0
1095,1,2,8.0,1,1,26.0,0.0,0.0,1.0,1.0,0.0
1011,1,2,29.0,1,0,26.0,0.0,0.0,1.0,1.0,0.0
